<?xml version="1.0" encoding="UTF-8"?>
<project-private xmlns="http://www.netbeans.org/ns/project-private/1">
    <editor-bookmarks xmlns="http://www.netbeans.org/ns/editor-bookmarks/2" lastBookmarkId="0"/>
    <open-files xmlns="http://www.netbeans.org/ns/projectui-open-files/2">
        <group>
            <file>file:/D:/Kuliah/!_S2/!_kuliah/M1/statistical%20theories%20for%20brain%20and%20parallel%20computing/assignment%203/EquationSolverNN/src/Domain/Node.java</file>
            <file>file:/D:/Kuliah/!_S2/!_kuliah/M1/statistical%20theories%20for%20brain%20and%20parallel%20computing/assignment%203/EquationSolverNN/src/View/MainView.java</file>
        </group>
    </open-files>
</project-private>
